<?xml version="1.0" encoding="UTF-8"?>
<beans xmlns="http://www.springframework.org/schema/beans"
	xmlns:xsi="http://www.w3.org/2001/XMLSchema-instance" xmlns:p="http://www.springframework.org/schema/p"
	xmlns:aop="http://www.springframework.org/schema/aop" xmlns:context="http://www.springframework.org/schema/context"
	xmlns:jee="http://www.springframework.org/schema/jee" xmlns:tx="http://www.springframework.org/schema/tx"
	xmlns:mvc="http://www.springframework.org/schema/mvc"
	xsi:schemaLocation="    
        http://www.springframework.org/schema/aop http://www.springframework.org/schema/aop/spring-aop-4.0.xsd  
        http://www.springframework.org/schema/beans http://www.springframework.org/schema/beans/spring-beans-4.0.xsd  
        http://www.springframework.org/schema/context http://www.springframework.org/schema/context/spring-context-4.0.xsd  
        http://www.springframework.org/schema/jee http://www.springframework.org/schema/jee/spring-jee-4.0.xsd
        http://www.springframework.org/schema/mvc http://www.springframework.org/schema/mvc/spring-mvc-4.0.xsd         
        http://www.springframework.org/schema/tx http://www.springframework.org/schema/tx/spring-tx-4.0.xsd">

	
	
	<context:component-scan base-package="com.chenzhida.controller,com.chenzhida.service">
	</context:component-scan>

	<mvc:annotation-driven/>
	
	<!-- 配置freemarker视图解析器 -->
	<bean id="freemarkerSettings" 
	class="org.springframework.web.servlet.view.freemarker.FreeMarkerConfigurer">
			<!-- 模板文件 -->
            <property name="templateLoaderPath" value="/WEB-INF/ftl/" />
            <property name="freemarkerSettings">
                <props>
                    <prop key="template_update_delay">0</prop>
                    <prop key="default_encoding">utf-8</prop>
                    <prop key="locale">zh_CN</prop>
                    <prop key="url_escaping_charset">utf-8</prop>
                    <prop key="whitespace_stripping">true</prop>
                    <prop key="classic_compatible">true</prop><!-- 判断是否兼容传统的判断空值模式，兼容 -->
                    <prop key="datetime_format">yyyy-MM-dd HH:mm:ss</prop>
	    			<prop key="date_format">yyyy-MM-dd</prop>
	    			<prop key="number_format">#.##</prop>
	    			
                </props>
            </property>
            <property name="freemarkerVariables">
                <map>
                    <entry key="xml_escape" value-ref="fmXmlEscape" />
                </map>
            </property>
    </bean>

    <bean id="fmXmlEscape" class="freemarker.template.utility.XmlEscape"/>

    <!-- 配置freeMarker视图解析器 -->
    <bean id="viewResolver" class="org.springframework.web.servlet.view.freemarker.FreeMarkerViewResolver">
        <property name="viewClass" value="org.springframework.web.servlet.view.freemarker.FreeMarkerView"/>
        <property name="viewNames" value="*.ftl"/>
        <!-- 模板输出内容的类型及编码问题，防止出现乱码 -->
        <property name="contentType" value="text/html; charset=utf-8" /> 
        <property name="cache" value="true" />
     
        <property name="order" value="1" />
        <!-- 顺序在jsp之后 -->
        
        <!-- 将session属性和request属性暴露，以便fm可以访问 -->
        <property name="exposeRequestAttributes" value="true" />
	    <property name="exposeSessionAttributes" value="true" />
	    <property name="allowSessionOverride" value="true"/>  
	    <!-- 导出Spring宏支持 -->
	    <property name="exposeSpringMacroHelpers" value="true" />
	    <!-- 确保在fm中可以以request形式使用该内置对象 -->
	    <property name="requestContextAttribute" value="request"/>	
    </bean>
	
	
	


</beans>
