<?xml version="1.0" encoding="UTF-8" ?>
<!DOCTYPE mapper PUBLIC "-//mybatis.org//DTD Mapper 3.0//EN" "http://mybatis.org/dtd/mybatis-3-mapper.dtd" >
<mapper namespace="com.chenzhida.dao.CartMapper" >
  <resultMap id="BaseResultMap" type="com.chenzhida.model.Cart" >
    <id column="orderid" property="orderid" jdbcType="INTEGER" />
    <id column="itemid" property="itemid" jdbcType="VARCHAR" />
    <result column="quantity" property="quantity" jdbcType="INTEGER" />
    <association property="item" column="itemid" select="queryItem"></association>
  </resultMap>
  
  
  <select id="queryItem" resultMap="com.chenzhida.dao.ItemMapper.BaseResultMap">
  select *
  from item
  where itemid=#{itemid}
  </select>
  
  <select id="queryCart" statementType="CALLABLE" resultMap="BaseResultMap">
  		<![CDATA[
			call queryCart3()			
		]]>
  </select>
  
  <select id="addCart" statementType="CALLABLE" 
  parameterType="java.util.HashMap" resultMap="BaseResultMap">
  
  		<![CDATA[
			call addCart3(
				#{in_itemid,mode=IN,jdbcType=VARCHAR},
				#{in_qty,mode=IN,jdbcType=INTEGER}
					
			)			
		]]>
  
  
  </select>
  
  <select id="delCart" statementType="CALLABLE" 
  parameterType="java.util.HashMap" resultMap="BaseResultMap">
  
  		<![CDATA[
			call delCart3(
				#{in_orderid,mode=IN,jdbcType=INTEGER},
				#{in_itemid,mode=IN,jdbcType=VARCHAR}
					
			)			
		]]>
  
  
  </select>
  
  <update id="updateCart" statementType="CALLABLE" 
   parameterType="java.util.HashMap" >
  
  		<![CDATA[
			call updateCart3(
			
			#{in_itemid,mode=IN,jdbcType=VARCHAR},
			#{in_qty,mode=IN,jdbcType=INTEGER}
			)			
		]]>
  
  
  </update>
  
   <update id="updateOrders" statementType="CALLABLE" 
   parameterType="java.util.HashMap" >
  
  		<![CDATA[
			call updateOrders(
			
			#{in_orderid,mode=IN,jdbcType=INTEGER}
			)			
		]]>
  
  
  </update>
  
  
  <sql id="Example_Where_Clause" >
    <where >
      <foreach collection="oredCriteria" item="criteria" separator="or" >
        <if test="criteria.valid" >
          <trim prefix="(" suffix=")" prefixOverrides="and" >
            <foreach collection="criteria.criteria" item="criterion" >
              <choose >
                <when test="criterion.noValue" >
                  and ${criterion.condition}
                </when>
                <when test="criterion.singleValue" >
                  and ${criterion.condition} #{criterion.value}
                </when>
                <when test="criterion.betweenValue" >
                  and ${criterion.condition} #{criterion.value} and #{criterion.secondValue}
                </when>
                <when test="criterion.listValue" >
                  and ${criterion.condition}
                  <foreach collection="criterion.value" item="listItem" open="(" close=")" separator="," >
                    #{listItem}
                  </foreach>
                </when>
              </choose>
            </foreach>
          </trim>
        </if>
      </foreach>
    </where>
  </sql>
  <sql id="Update_By_Example_Where_Clause" >
    <where >
      <foreach collection="example.oredCriteria" item="criteria" separator="or" >
        <if test="criteria.valid" >
          <trim prefix="(" suffix=")" prefixOverrides="and" >
            <foreach collection="criteria.criteria" item="criterion" >
              <choose >
                <when test="criterion.noValue" >
                  and ${criterion.condition}
                </when>
                <when test="criterion.singleValue" >
                  and ${criterion.condition} #{criterion.value}
                </when>
                <when test="criterion.betweenValue" >
                  and ${criterion.condition} #{criterion.value} and #{criterion.secondValue}
                </when>
                <when test="criterion.listValue" >
                  and ${criterion.condition}
                  <foreach collection="criterion.value" item="listItem" open="(" close=")" separator="," >
                    #{listItem}
                  </foreach>
                </when>
              </choose>
            </foreach>
          </trim>
        </if>
      </foreach>
    </where>
  </sql>
  <sql id="Base_Column_List" >
    orderid, itemid, quantity
  </sql>
  <select id="selectByExample" resultMap="BaseResultMap" parameterType="com.chenzhida.model.CartExample" >
    select
    <if test="distinct" >
      distinct
    </if>
    <include refid="Base_Column_List" />
    from cart
    <if test="_parameter != null" >
      <include refid="Example_Where_Clause" />
    </if>
    <if test="orderByClause != null" >
      order by ${orderByClause}
    </if>
  </select>
  <select id="selectByPrimaryKey" resultMap="BaseResultMap" parameterType="com.chenzhida.model.CartKey" >
    select 
    <include refid="Base_Column_List" />
    from cart
    where orderid = #{orderid,jdbcType=INTEGER}
      and itemid = #{itemid,jdbcType=VARCHAR}
  </select>
  <delete id="deleteByPrimaryKey" parameterType="com.chenzhida.model.CartKey" >
    delete from cart
    where orderid = #{orderid,jdbcType=INTEGER}
      and itemid = #{itemid,jdbcType=VARCHAR}
  </delete>
  <delete id="deleteByExample" parameterType="com.chenzhida.model.CartExample" >
    delete from cart
    <if test="_parameter != null" >
      <include refid="Example_Where_Clause" />
    </if>
  </delete>
  <insert id="insert" parameterType="com.chenzhida.model.Cart" >
    insert into cart (orderid, itemid, quantity
      )
    values (#{orderid,jdbcType=INTEGER}, #{itemid,jdbcType=VARCHAR}, #{quantity,jdbcType=INTEGER}
      )
  </insert>
  <insert id="insertSelective" parameterType="com.chenzhida.model.Cart" >
    insert into cart
    <trim prefix="(" suffix=")" suffixOverrides="," >
      <if test="orderid != null" >
        orderid,
      </if>
      <if test="itemid != null" >
        itemid,
      </if>
      <if test="quantity != null" >
        quantity,
      </if>
    </trim>
    <trim prefix="values (" suffix=")" suffixOverrides="," >
      <if test="orderid != null" >
        #{orderid,jdbcType=INTEGER},
      </if>
      <if test="itemid != null" >
        #{itemid,jdbcType=VARCHAR},
      </if>
      <if test="quantity != null" >
        #{quantity,jdbcType=INTEGER},
      </if>
    </trim>
  </insert>
  <select id="countByExample" parameterType="com.chenzhida.model.CartExample" resultType="java.lang.Integer" >
    select count(*) from cart
    <if test="_parameter != null" >
      <include refid="Example_Where_Clause" />
    </if>
  </select>
  <update id="updateByExampleSelective" parameterType="map" >
    update cart
    <set >
      <if test="record.orderid != null" >
        orderid = #{record.orderid,jdbcType=INTEGER},
      </if>
      <if test="record.itemid != null" >
        itemid = #{record.itemid,jdbcType=VARCHAR},
      </if>
      <if test="record.quantity != null" >
        quantity = #{record.quantity,jdbcType=INTEGER},
      </if>
    </set>
    <if test="_parameter != null" >
      <include refid="Update_By_Example_Where_Clause" />
    </if>
  </update>
  <update id="updateByExample" parameterType="map" >
    update cart
    set orderid = #{record.orderid,jdbcType=INTEGER},
      itemid = #{record.itemid,jdbcType=VARCHAR},
      quantity = #{record.quantity,jdbcType=INTEGER}
    <if test="_parameter != null" >
      <include refid="Update_By_Example_Where_Clause" />
    </if>
  </update>
  <update id="updateByPrimaryKeySelective" parameterType="com.chenzhida.model.Cart" >
    update cart
    <set >
      <if test="quantity != null" >
        quantity = #{quantity,jdbcType=INTEGER},
      </if>
    </set>
    where orderid = #{orderid,jdbcType=INTEGER}
      and itemid = #{itemid,jdbcType=VARCHAR}
  </update>
  <update id="updateByPrimaryKey" parameterType="com.chenzhida.model.Cart" >
    update cart
    set quantity = #{quantity,jdbcType=INTEGER}
    where orderid = #{orderid,jdbcType=INTEGER}
      and itemid = #{itemid,jdbcType=VARCHAR}
  </update>
</mapper>