<?xml version="1.0" encoding="UTF-8" ?>
<!DOCTYPE mapper PUBLIC "-//mybatis.org//DTD Mapper 3.0//EN" "http://mybatis.org/dtd/mybatis-3-mapper.dtd" >
<mapper namespace="com.chenzhida.dao.CategoryMapper" >
  <resultMap id="BaseResultMap" type="com.chenzhida.model.Category" >
    <id column="catid" property="catid" jdbcType="VARCHAR" />
    <result column="name" property="name" jdbcType="VARCHAR" />
    <result column="descn" property="descn" jdbcType="VARCHAR" />
  </resultMap>
  <sql id="Example_Where_Clause" >
    <where >
      <foreach collection="oredCriteria" item="criteria" separator="or" >
        <if test="criteria.valid" >
          <trim prefix="(" suffix=")" prefixOverrides="and" >
            <foreach collection="criteria.criteria" item="criterion" >
              <choose >
                <when test="criterion.noValue" >
                  and ${criterion.condition}
                </when>
                <when test="criterion.singleValue" >
                  and ${criterion.condition} #{criterion.value}
                </when>
                <when test="criterion.betweenValue" >
                  and ${criterion.condition} #{criterion.value} and #{criterion.secondValue}
                </when>
                <when test="criterion.listValue" >
                  and ${criterion.condition}
                  <foreach collection="criterion.value" item="listItem" open="(" close=")" separator="," >
                    #{listItem}
                  </foreach>
                </when>
              </choose>
            </foreach>
          </trim>
        </if>
      </foreach>
    </where>
  </sql>
  <sql id="Update_By_Example_Where_Clause" >
    <where >
      <foreach collection="example.oredCriteria" item="criteria" separator="or" >
        <if test="criteria.valid" >
          <trim prefix="(" suffix=")" prefixOverrides="and" >
            <foreach collection="criteria.criteria" item="criterion" >
              <choose >
                <when test="criterion.noValue" >
                  and ${criterion.condition}
                </when>
                <when test="criterion.singleValue" >
                  and ${criterion.condition} #{criterion.value}
                </when>
                <when test="criterion.betweenValue" >
                  and ${criterion.condition} #{criterion.value} and #{criterion.secondValue}
                </when>
                <when test="criterion.listValue" >
                  and ${criterion.condition}
                  <foreach collection="criterion.value" item="listItem" open="(" close=")" separator="," >
                    #{listItem}
                  </foreach>
                </when>
              </choose>
            </foreach>
          </trim>
        </if>
      </foreach>
    </where>
  </sql>
  <sql id="Base_Column_List" >
    catid, name, descn
  </sql>
  <select id="selectByExample" resultMap="BaseResultMap" parameterType="com.chenzhida.model.CategoryExample" >
    select
    <if test="distinct" >
      distinct
    </if>
    <include refid="Base_Column_List" />
    from category
    <if test="_parameter != null" >
      <include refid="Example_Where_Clause" />
    </if>
    <if test="orderByClause != null" >
      order by ${orderByClause}
    </if>
  </select>
  <select id="selectByPrimaryKey" resultMap="BaseResultMap" parameterType="java.lang.String" >
    select 
    <include refid="Base_Column_List" />
    from category
    where catid = #{catid,jdbcType=VARCHAR}
  </select>
  <delete id="deleteByPrimaryKey" parameterType="java.lang.String" >
    delete from category
    where catid = #{catid,jdbcType=VARCHAR}
  </delete>
  <delete id="deleteByExample" parameterType="com.chenzhida.model.CategoryExample" >
    delete from category
    <if test="_parameter != null" >
      <include refid="Example_Where_Clause" />
    </if>
  </delete>
  <insert id="insert" parameterType="com.chenzhida.model.Category" >
    insert into category (catid, name, descn
      )
    values (#{catid,jdbcType=VARCHAR}, #{name,jdbcType=VARCHAR}, #{descn,jdbcType=VARCHAR}
      )
  </insert>
  <insert id="insertSelective" parameterType="com.chenzhida.model.Category" >
    insert into category
    <trim prefix="(" suffix=")" suffixOverrides="," >
      <if test="catid != null" >
        catid,
      </if>
      <if test="name != null" >
        name,
      </if>
      <if test="descn != null" >
        descn,
      </if>
    </trim>
    <trim prefix="values (" suffix=")" suffixOverrides="," >
      <if test="catid != null" >
        #{catid,jdbcType=VARCHAR},
      </if>
      <if test="name != null" >
        #{name,jdbcType=VARCHAR},
      </if>
      <if test="descn != null" >
        #{descn,jdbcType=VARCHAR},
      </if>
    </trim>
  </insert>
  <select id="countByExample" parameterType="com.chenzhida.model.CategoryExample" resultType="java.lang.Integer" >
    select count(*) from category
    <if test="_parameter != null" >
      <include refid="Example_Where_Clause" />
    </if>
  </select>
  <update id="updateByExampleSelective" parameterType="map" >
    update category
    <set >
      <if test="record.catid != null" >
        catid = #{record.catid,jdbcType=VARCHAR},
      </if>
      <if test="record.name != null" >
        name = #{record.name,jdbcType=VARCHAR},
      </if>
      <if test="record.descn != null" >
        descn = #{record.descn,jdbcType=VARCHAR},
      </if>
    </set>
    <if test="_parameter != null" >
      <include refid="Update_By_Example_Where_Clause" />
    </if>
  </update>
  <update id="updateByExample" parameterType="map" >
    update category
    set catid = #{record.catid,jdbcType=VARCHAR},
      name = #{record.name,jdbcType=VARCHAR},
      descn = #{record.descn,jdbcType=VARCHAR}
    <if test="_parameter != null" >
      <include refid="Update_By_Example_Where_Clause" />
    </if>
  </update>
  <update id="updateByPrimaryKeySelective" parameterType="com.chenzhida.model.Category" >
    update category
    <set >
      <if test="name != null" >
        name = #{name,jdbcType=VARCHAR},
      </if>
      <if test="descn != null" >
        descn = #{descn,jdbcType=VARCHAR},
      </if>
    </set>
    where catid = #{catid,jdbcType=VARCHAR}
  </update>
  <update id="updateByPrimaryKey" parameterType="com.chenzhida.model.Category" >
    update category
    set name = #{name,jdbcType=VARCHAR},
      descn = #{descn,jdbcType=VARCHAR}
    where catid = #{catid,jdbcType=VARCHAR}
  </update>
</mapper>