<?xml version="1.0" encoding="UTF-8" ?>
<!DOCTYPE mapper PUBLIC "-//mybatis.org//DTD Mapper 3.0//EN" "http://mybatis.org/dtd/mybatis-3-mapper.dtd" >
<mapper namespace="com.chenzhida.dao.OrdersMapper" >
  <resultMap id="BaseResultMap" type="com.chenzhida.model.Orders" >
    <id column="orderid" property="orderid" jdbcType="INTEGER" />
    <result column="orderdate" property="orderdate" jdbcType="DATE" />
    <result column="totalprice" property="totalprice" jdbcType="DECIMAL" />
  </resultMap>
  <sql id="Example_Where_Clause" >
    <where >
      <foreach collection="oredCriteria" item="criteria" separator="or" >
        <if test="criteria.valid" >
          <trim prefix="(" suffix=")" prefixOverrides="and" >
            <foreach collection="criteria.criteria" item="criterion" >
              <choose >
                <when test="criterion.noValue" >
                  and ${criterion.condition}
                </when>
                <when test="criterion.singleValue" >
                  and ${criterion.condition} #{criterion.value}
                </when>
                <when test="criterion.betweenValue" >
                  and ${criterion.condition} #{criterion.value} and #{criterion.secondValue}
                </when>
                <when test="criterion.listValue" >
                  and ${criterion.condition}
                  <foreach collection="criterion.value" item="listItem" open="(" close=")" separator="," >
                    #{listItem}
                  </foreach>
                </when>
              </choose>
            </foreach>
          </trim>
        </if>
      </foreach>
    </where>
  </sql>
  <sql id="Update_By_Example_Where_Clause" >
    <where >
      <foreach collection="example.oredCriteria" item="criteria" separator="or" >
        <if test="criteria.valid" >
          <trim prefix="(" suffix=")" prefixOverrides="and" >
            <foreach collection="criteria.criteria" item="criterion" >
              <choose >
                <when test="criterion.noValue" >
                  and ${criterion.condition}
                </when>
                <when test="criterion.singleValue" >
                  and ${criterion.condition} #{criterion.value}
                </when>
                <when test="criterion.betweenValue" >
                  and ${criterion.condition} #{criterion.value} and #{criterion.secondValue}
                </when>
                <when test="criterion.listValue" >
                  and ${criterion.condition}
                  <foreach collection="criterion.value" item="listItem" open="(" close=")" separator="," >
                    #{listItem}
                  </foreach>
                </when>
              </choose>
            </foreach>
          </trim>
        </if>
      </foreach>
    </where>
  </sql>
  <sql id="Base_Column_List" >
    orderid, orderdate, totalprice
  </sql>
  <select id="selectByExample" resultMap="BaseResultMap" parameterType="com.chenzhida.model.OrdersExample" >
    select
    <if test="distinct" >
      distinct
    </if>
    <include refid="Base_Column_List" />
    from orders
    <if test="_parameter != null" >
      <include refid="Example_Where_Clause" />
    </if>
    <if test="orderByClause != null" >
      order by ${orderByClause}
    </if>
  </select>
  <select id="selectByPrimaryKey" resultMap="BaseResultMap" parameterType="java.lang.Integer" >
    select 
    <include refid="Base_Column_List" />
    from orders
    where orderid = #{orderid,jdbcType=INTEGER}
  </select>
  <delete id="deleteByPrimaryKey" parameterType="java.lang.Integer" >
    delete from orders
    where orderid = #{orderid,jdbcType=INTEGER}
  </delete>
  <delete id="deleteByExample" parameterType="com.chenzhida.model.OrdersExample" >
    delete from orders
    <if test="_parameter != null" >
      <include refid="Example_Where_Clause" />
    </if>
  </delete>
  <insert id="insert" parameterType="com.chenzhida.model.Orders" >
    insert into orders (orderid, orderdate, totalprice
      )
    values (#{orderid,jdbcType=INTEGER}, #{orderdate,jdbcType=DATE}, #{totalprice,jdbcType=DECIMAL}
      )
  </insert>
  <insert id="insertSelective" parameterType="com.chenzhida.model.Orders" >
    insert into orders
    <trim prefix="(" suffix=")" suffixOverrides="," >
      <if test="orderid != null" >
        orderid,
      </if>
      <if test="orderdate != null" >
        orderdate,
      </if>
      <if test="totalprice != null" >
        totalprice,
      </if>
    </trim>
    <trim prefix="values (" suffix=")" suffixOverrides="," >
      <if test="orderid != null" >
        #{orderid,jdbcType=INTEGER},
      </if>
      <if test="orderdate != null" >
        #{orderdate,jdbcType=DATE},
      </if>
      <if test="totalprice != null" >
        #{totalprice,jdbcType=DECIMAL},
      </if>
    </trim>
  </insert>
  <select id="countByExample" parameterType="com.chenzhida.model.OrdersExample" resultType="java.lang.Integer" >
    select count(*) from orders
    <if test="_parameter != null" >
      <include refid="Example_Where_Clause" />
    </if>
  </select>
  <update id="updateByExampleSelective" parameterType="map" >
    update orders
    <set >
      <if test="record.orderid != null" >
        orderid = #{record.orderid,jdbcType=INTEGER},
      </if>
      <if test="record.orderdate != null" >
        orderdate = #{record.orderdate,jdbcType=DATE},
      </if>
      <if test="record.totalprice != null" >
        totalprice = #{record.totalprice,jdbcType=DECIMAL},
      </if>
    </set>
    <if test="_parameter != null" >
      <include refid="Update_By_Example_Where_Clause" />
    </if>
  </update>
  <update id="updateByExample" parameterType="map" >
    update orders
    set orderid = #{record.orderid,jdbcType=INTEGER},
      orderdate = #{record.orderdate,jdbcType=DATE},
      totalprice = #{record.totalprice,jdbcType=DECIMAL}
    <if test="_parameter != null" >
      <include refid="Update_By_Example_Where_Clause" />
    </if>
  </update>
  <update id="updateByPrimaryKeySelective" parameterType="com.chenzhida.model.Orders" >
    update orders
    <set >
      <if test="orderdate != null" >
        orderdate = #{orderdate,jdbcType=DATE},
      </if>
      <if test="totalprice != null" >
        totalprice = #{totalprice,jdbcType=DECIMAL},
      </if>
    </set>
    where orderid = #{orderid,jdbcType=INTEGER}
  </update>
  <update id="updateByPrimaryKey" parameterType="com.chenzhida.model.Orders" >
    update orders
    set orderdate = #{orderdate,jdbcType=DATE},
      totalprice = #{totalprice,jdbcType=DECIMAL}
    where orderid = #{orderid,jdbcType=INTEGER}
  </update>
</mapper>