<?xml version="1.0" encoding="UTF-8" ?>
<!DOCTYPE mapper PUBLIC "-//mybatis.org//DTD Mapper 3.0//EN" "http://mybatis.org/dtd/mybatis-3-mapper.dtd" >
<mapper namespace="com.chenzhida.dao.ProductMapper" >
  <resultMap id="BaseResultMap" type="com.chenzhida.model.Product" >
    <id column="productid" property="productid" jdbcType="VARCHAR" />
    <result column="catid" property="catid" jdbcType="VARCHAR" />
    <result column="name" property="name" jdbcType="VARCHAR" />
    <result column="descn" property="descn" jdbcType="VARCHAR" />
    <result column="pic" property="pic" jdbcType="VARCHAR" />
	<association property="category" column="catid" select="queryCats">
	</association>  
</resultMap>
  
  <select id="queryCats" resultMap="com.chenzhida.dao.CategoryMapper.BaseResultMap">
  
  	select *
  	from category
  	where catid=#{catid}
  
  </select>
  
  
  <sql id="Example_Where_Clause" >
    <where >
      <foreach collection="oredCriteria" item="criteria" separator="or" >
        <if test="criteria.valid" >
          <trim prefix="(" suffix=")" prefixOverrides="and" >
            <foreach collection="criteria.criteria" item="criterion" >
              <choose >
                <when test="criterion.noValue" >
                  and ${criterion.condition}
                </when>
                <when test="criterion.singleValue" >
                  and ${criterion.condition} #{criterion.value}
                </when>
                <when test="criterion.betweenValue" >
                  and ${criterion.condition} #{criterion.value} and #{criterion.secondValue}
                </when>
                <when test="criterion.listValue" >
                  and ${criterion.condition}
                  <foreach collection="criterion.value" item="listItem" open="(" close=")" separator="," >
                    #{listItem}
                  </foreach>
                </when>
              </choose>
            </foreach>
          </trim>
        </if>
      </foreach>
    </where>
  </sql>
  <sql id="Update_By_Example_Where_Clause" >
    <where >
      <foreach collection="example.oredCriteria" item="criteria" separator="or" >
        <if test="criteria.valid" >
          <trim prefix="(" suffix=")" prefixOverrides="and" >
            <foreach collection="criteria.criteria" item="criterion" >
              <choose >
                <when test="criterion.noValue" >
                  and ${criterion.condition}
                </when>
                <when test="criterion.singleValue" >
                  and ${criterion.condition} #{criterion.value}
                </when>
                <when test="criterion.betweenValue" >
                  and ${criterion.condition} #{criterion.value} and #{criterion.secondValue}
                </when>
                <when test="criterion.listValue" >
                  and ${criterion.condition}
                  <foreach collection="criterion.value" item="listItem" open="(" close=")" separator="," >
                    #{listItem}
                  </foreach>
                </when>
              </choose>
            </foreach>
          </trim>
        </if>
      </foreach>
    </where>
  </sql>
  <sql id="Base_Column_List" >
    productid, catid, name, descn, pic
  </sql>
  <select id="selectByExample" resultMap="BaseResultMap" parameterType="com.chenzhida.model.ProductExample" >
    select
    <if test="distinct" >
      distinct
    </if>
    <include refid="Base_Column_List" />
    from product
    <if test="_parameter != null" >
      <include refid="Example_Where_Clause" />
    </if>
    <if test="orderByClause != null" >
      order by ${orderByClause}
    </if>
  </select>
  <select id="selectByPrimaryKey" resultMap="BaseResultMap" parameterType="java.lang.String" >
    select 
    <include refid="Base_Column_List" />
    from product
    where productid = #{productid,jdbcType=VARCHAR}
  </select>
  <delete id="deleteByPrimaryKey" parameterType="java.lang.String" >
    delete from product
    where productid = #{productid,jdbcType=VARCHAR}
  </delete>
  <delete id="deleteByExample" parameterType="com.chenzhida.model.ProductExample" >
    delete from product
    <if test="_parameter != null" >
      <include refid="Example_Where_Clause" />
    </if>
  </delete>
  <insert id="insert" parameterType="com.chenzhida.model.Product" >
    insert into product (productid, catid, name, 
      descn, pic)
    values (#{productid,jdbcType=VARCHAR}, #{catid,jdbcType=VARCHAR}, #{name,jdbcType=VARCHAR}, 
      #{descn,jdbcType=VARCHAR}, #{pic,jdbcType=VARCHAR})
  </insert>
  <insert id="insertSelective" parameterType="com.chenzhida.model.Product" >
    insert into product
    <trim prefix="(" suffix=")" suffixOverrides="," >
      <if test="productid != null" >
        productid,
      </if>
      <if test="catid != null" >
        catid,
      </if>
      <if test="name != null" >
        name,
      </if>
      <if test="descn != null" >
        descn,
      </if>
      <if test="pic != null" >
        pic,
      </if>
    </trim>
    <trim prefix="values (" suffix=")" suffixOverrides="," >
      <if test="productid != null" >
        #{productid,jdbcType=VARCHAR},
      </if>
      <if test="catid != null" >
        #{catid,jdbcType=VARCHAR},
      </if>
      <if test="name != null" >
        #{name,jdbcType=VARCHAR},
      </if>
      <if test="descn != null" >
        #{descn,jdbcType=VARCHAR},
      </if>
      <if test="pic != null" >
        #{pic,jdbcType=VARCHAR},
      </if>
    </trim>
  </insert>
  <select id="countByExample" parameterType="com.chenzhida.model.ProductExample" resultType="java.lang.Integer" >
    select count(*) from product
    <if test="_parameter != null" >
      <include refid="Example_Where_Clause" />
    </if>
  </select>
  <update id="updateByExampleSelective" parameterType="map" >
    update product
    <set >
      <if test="record.productid != null" >
        productid = #{record.productid,jdbcType=VARCHAR},
      </if>
      <if test="record.catid != null" >
        catid = #{record.catid,jdbcType=VARCHAR},
      </if>
      <if test="record.name != null" >
        name = #{record.name,jdbcType=VARCHAR},
      </if>
      <if test="record.descn != null" >
        descn = #{record.descn,jdbcType=VARCHAR},
      </if>
      <if test="record.pic != null" >
        pic = #{record.pic,jdbcType=VARCHAR},
      </if>
    </set>
    <if test="_parameter != null" >
      <include refid="Update_By_Example_Where_Clause" />
    </if>
  </update>
  <update id="updateByExample" parameterType="map" >
    update product
    set productid = #{record.productid,jdbcType=VARCHAR},
      catid = #{record.catid,jdbcType=VARCHAR},
      name = #{record.name,jdbcType=VARCHAR},
      descn = #{record.descn,jdbcType=VARCHAR},
      pic = #{record.pic,jdbcType=VARCHAR}
    <if test="_parameter != null" >
      <include refid="Update_By_Example_Where_Clause" />
    </if>
  </update>
  <update id="updateByPrimaryKeySelective" parameterType="com.chenzhida.model.Product" >
    update product
    <set >
      <if test="catid != null" >
        catid = #{catid,jdbcType=VARCHAR},
      </if>
      <if test="name != null" >
        name = #{name,jdbcType=VARCHAR},
      </if>
      <if test="descn != null" >
        descn = #{descn,jdbcType=VARCHAR},
      </if>
      <if test="pic != null" >
        pic = #{pic,jdbcType=VARCHAR},
      </if>
    </set>
    where productid = #{productid,jdbcType=VARCHAR}
  </update>
  <update id="updateByPrimaryKey" parameterType="com.chenzhida.model.Product" >
    update product
    set catid = #{catid,jdbcType=VARCHAR},
      name = #{name,jdbcType=VARCHAR},
      descn = #{descn,jdbcType=VARCHAR},
      pic = #{pic,jdbcType=VARCHAR}
    where productid = #{productid,jdbcType=VARCHAR}
  </update>
</mapper>